date,stock_code,open,high,low,close,volume,amount,turnover_rate,turnover_rate_f,volume_ratio,pe,pe_ttm,pb,ps,ps_ttm,dv_ratio,dv_ttm,total_share,float_share,free_share,total_mv,circ_mv
2025-01-02,002130.SZ,25.45,25.73,24.56,24.85,1859009.32,4650222.24,14.8822,19.0597,0.88,44.6956,35.7617,5.8655,5.4704,4.7937,0.6767,0.6767,125989.8562,124914.9129,97536.1301,3130847.9266,3104135.5856
2025-01-03,002130.SZ,24.84,24.93,23.56,23.71,1431951.32,3462322.498,11.4634,14.6812,0.65,42.6451,34.1211,5.5964,5.2195,4.5738,0.7093,0.7093,125989.8562,124914.9129,97536.1301,2987219.4905,2961732.5849
2025-01-06,002130.SZ,24.08,24.75,23.58,23.88,1458179.21,3519566.135,11.6734,14.9501,0.65,42.9509,34.3658,5.6365,5.2569,4.6066,0.7042,0.7042,125989.8562,124914.9129,97536.1301,3008637.7661,2982968.1201
2025-01-07,002130.SZ,23.98,26.27,23.6,26.0,2322087.8,5784535.518,18.5894,23.8075,1.13,46.764,37.4167,6.1369,5.7236,5.0156,0.6468,0.6468,125989.8562,124914.9129,97536.1301,3275736.2612,3247787.7354
2025-01-08,002130.SZ,25.0,25.98,24.36,25.65,1919579.26,4815585.308,15.3671,19.6807,0.97,46.1344,36.913,6.0543,5.6465,4.9481,0.6556,0.6556,125989.8562,124914.9129,97536.1301,3231639.8115,3204067.5159
2025-01-09,002130.SZ,25.5,27.0,25.21,25.91,1909872.66,5016333.554,15.2894,19.5812,1.06,46.6021,37.2871,6.1157,5.7038,4.9982,0.6491,0.6491,125989.8562,124914.9129,97536.1301,3264397.1741,3236545.3932
2025-01-10,002130.SZ,25.34,26.23,24.2,24.24,1538183.8,3879326.532,12.3139,15.7704,0.85,43.5984,34.8838,5.7215,5.3361,4.6761,0.6938,0.6938,125989.8562,124914.9129,97536.1301,3053994.1143,3027937.4887
2025-01-13,002130.SZ,24.0,24.4,23.23,23.51,1107371.09,2618826.422,8.865,11.3534,0.61,42.2854,33.8333,5.5492,5.1754,4.5353,0.7153,0.7153,125989.8562,124914.9129,97536.1301,2962021.5193,2936749.6023
2025-01-14,002130.SZ,23.61,25.23,23.28,25.13,1501374.27,3673978.954,12.0192,15.393,0.85,45.1992,36.1646,5.9316,5.5321,4.8478,0.6692,0.6692,125989.8562,124914.9129,97536.1301,3166125.0863,3139111.7612
2025-01-15,002130.SZ,25.0,25.32,24.28,24.4,1061792.2,2615448.199,8.5001,10.8861,0.67,43.8862,35.1141,5.7593,5.3714,4.7069,0.6892,0.6892,125989.8562,124914.9129,97536.1301,3074152.4913,3047923.8748
2025-01-16,002130.SZ,24.81,25.3,24.01,25.19,1496313.08,3705573.96,11.9787,15.3411,1.05,45.3071,36.251,5.9458,5.5453,4.8593,0.6676,0.6676,125989.8562,124914.9129,97536.1301,3173684.4777,3146606.656
2025-01-17,002130.SZ,24.62,24.95,24.15,24.62,978700.15,2403246.864,7.8349,10.0342,0.73,44.2819,35.4307,5.8112,5.4198,4.7494,0.6831,0.6831,125989.8562,124914.9129,97536.1301,3101870.2596,3075405.1556
2025-01-20,002130.SZ,26.1,27.08,25.92,27.08,1339092.56,3575854.416,10.72,13.7292,1.09,48.7065,38.9709,6.3919,5.9613,5.2239,0.621,0.621,125989.8562,124914.9129,97536.1301,3411805.3059,3382695.8413
2025-01-21,002130.SZ,27.87,28.99,27.01,28.4,2490664.71,6904994.343,19.9389,25.5358,1.95,51.0806,40.8705,6.7034,6.2519,5.4786,0.5921,0.5921,125989.8562,124914.9129,97536.1301,3578111.9161,3547583.5264
2025-01-22,002130.SZ,28.31,29.8,27.96,28.4,2248429.84,6474418.896,17.9997,23.0523,1.53,51.0806,40.8705,6.7034,6.2519,5.4786,0.5921,0.5921,125989.8562,124914.9129,97536.1301,3578111.9161,3547583.5264
2025-01-23,002130.SZ,29.5,30.8,27.68,27.72,2497366.9,7316964.621,19.9925,25.6045,1.46,49.8576,39.8919,6.5429,6.1022,5.3474,0.6067,0.6067,125989.8562,124914.9129,97536.1301,3492438.8139,3462641.3856
2025-01-24,002130.SZ,27.65,29.0,27.61,28.37,1831378.04,5190748.124,14.661,18.7764,0.96,51.0267,40.8273,6.6964,6.2453,5.4728,0.5928,0.5928,125989.8562,124914.9129,97536.1301,3574332.2204,3543836.079
2025-01-27,002130.SZ,26.8,27.19,25.53,25.53,1731608.54,4507034.052,13.8623,17.7535,0.83,45.9186,36.7403,6.026,5.6201,4.9249,0.6587,0.6587,125989.8562,124914.9129,97536.1301,3216521.0288,3189077.7263
2025-02-05,002130.SZ,23.25,23.95,22.98,22.98,737097.0,1707992.027,5.9008,7.5572,0.34,41.3321,33.0706,5.4241,5.0588,4.433,0.7318,0.7318,125989.8562,124914.9129,97536.1301,2895246.8955,2870544.6984
2025-02-06,002130.SZ,23.11,23.66,22.56,23.64,2120079.76,4901321.305,16.9722,21.7364,1.17,42.5192,34.0204,5.5799,5.2041,4.5603,0.7114,0.7114,125989.8562,124914.9129,97536.1301,2978400.2006,2952988.541
2025-02-07,002130.SZ,23.58,24.8,23.39,24.05,1922928.56,4637869.636,15.3939,19.715,1.08,43.2567,34.6104,5.6767,5.2943,4.6394,0.6993,0.6993,125989.8562,124914.9129,97536.1301,3030056.0416,3004203.6552
2025-02-10,002130.SZ,24.0,24.3,23.53,23.9,1436254.14,3428650.63,11.4979,14.7254,0.86,42.9869,34.3945,5.6413,5.2613,4.6105,0.7036,0.7036,125989.8562,124914.9129,97536.1301,3011157.5632,2985466.4183
2025-02-11,002130.SZ,24.2,25.47,24.1,25.21,1999196.49,4951699.854,16.0045,20.497,1.26,45.3431,36.2798,5.9505,5.5497,4.8632,0.6671,0.6671,125989.8562,124914.9129,97536.1301,3176204.2748,3149104.9542
2025-02-12,002130.SZ,24.76,25.37,24.54,25.17,1298678.94,3240616.675,10.3965,13.3148,0.79,45.2711,36.2222,5.941,5.5409,4.8555,0.6681,0.6681,125989.8562,124914.9129,97536.1301,3171164.6806,3144108.3577
2025-02-13,002130.SZ,24.92,24.92,23.64,23.68,1550098.56,3738752.939,12.4092,15.8926,0.88,42.5912,34.0779,5.5893,5.2129,4.568,0.7102,0.7102,125989.8562,124914.9129,97536.1301,2983439.7948,2957985.1375
2025-02-14,002130.SZ,23.98,24.35,23.25,23.55,1041924.89,2465066.371,8.3411,10.6825,0.63,42.3574,33.8909,5.5587,5.1842,4.543,0.7141,0.7141,125989.8562,124914.9129,97536.1301,2967061.1135,2941746.1988
2025-02-17,002130.SZ,23.6,25.09,23.56,24.7,1678398.53,4100853.411,13.4363,17.208,1.15,44.4258,35.5458,5.8301,5.4374,4.7648,0.6808,0.6808,125989.8562,124914.9129,97536.1301,3111949.4481,3085398.3486
2025-02-18,002130.SZ,24.43,24.66,23.68,23.91,1179393.33,2846129.161,9.4416,12.0919,0.78,43.0049,34.4089,5.6436,5.2635,4.6124,0.7033,0.7033,125989.8562,124914.9129,97536.1301,3012417.4617,2986715.5674
2025-02-19,002130.SZ,23.6,24.5,23.38,24.38,1355627.96,3251939.32,10.8524,13.8987,1.0,43.8502,35.0853,5.7546,5.367,4.7031,0.6898,0.6898,125989.8562,124914.9129,97536.1301,3071632.6942,3045425.5765
2025-02-20,002130.SZ,24.99,25.38,24.42,24.86,1768981.22,4422171.822,14.1615,18.1367,1.3,44.7135,35.7761,5.8679,5.4726,4.7957,0.6765,0.6765,125989.8562,124914.9129,97536.1301,3132107.8251,3105384.7347
2025-02-21,002130.SZ,24.65,25.9,24.4,25.64,1936109.99,4903983.688,15.4994,19.8502,1.38,46.1165,36.8986,6.052,5.6443,4.9461,0.6559,0.6559,125989.8562,124914.9129,97536.1301,3230379.913,3202818.3668
2025-02-24,002130.SZ,25.01,25.13,24.5,24.92,1436567.37,3559573.111,11.5004,14.7286,0.91,44.8215,35.8624,5.882,5.4858,4.8073,0.6748,0.6748,125989.8562,124914.9129,97536.1301,3139667.2165,3112879.6295
2025-02-25,002130.SZ,24.16,24.66,24.02,24.3,971209.15,2358243.852,7.775,9.9574,0.63,43.7063,34.9702,5.7357,5.3494,4.6877,0.6921,0.6921,125989.8562,124914.9129,97536.1301,3061553.5057,3035432.3835
2025-02-26,002130.SZ,24.2,26.7,23.8,25.88,2101650.39,5237443.751,16.8247,21.5474,1.41,46.5481,37.244,6.1086,5.6972,4.9924,0.6498,0.6498,125989.8562,124914.9129,97536.1301,3260617.4785,3232797.9459
2025-02-27,002130.SZ,25.63,26.47,24.68,24.78,1535643.9,3879245.903,12.2935,15.7444,0.93,44.5697,35.661,5.849,5.455,4.7802,0.6787,0.6787,125989.8562,124914.9129,97536.1301,3122028.6366,3095391.5417
2025-02-28,002130.SZ,22.97,23.66,22.6,22.98,1444371.87,3351018.71,11.5628,14.8086,0.9,41.3321,33.6851,5.2266,5.0588,4.177,0.7318,0.7318,125989.8562,124914.9129,97536.1301,2895246.8955,2870544.6984
2025-03-03,002130.SZ,22.96,22.97,21.61,21.85,1067435.5,2357702.547,8.5453,10.944,0.71,39.2997,32.0287,4.9696,4.81,3.9716,0.7697,0.7697,125989.8562,124914.9129,97536.1301,2752878.358,2729390.8469
2025-03-04,002130.SZ,20.84,22.0,20.84,21.89,718914.51,1553445.634,5.7552,7.3708,0.5,39.3717,32.0873,4.9787,4.8188,3.9789,0.7682,0.7682,125989.8562,124914.9129,97536.1301,2757917.9522,2734387.4434
2025-03-05,002130.SZ,21.99,22.35,21.86,22.13,596343.52,1315196.131,4.774,6.1141,0.43,39.8033,32.4391,5.0333,4.8717,4.0225,0.7599,0.7599,125989.8562,124914.9129,97536.1301,2788155.5177,2764367.0225
2025-03-06,002130.SZ,22.2,22.67,22.02,22.47,835988.37,1872155.007,6.6925,8.5711,0.78,40.4149,32.9375,5.1106,4.9465,4.0843,0.7484,0.7484,125989.8562,124914.9129,97536.1301,2830992.0688,2806838.0929
2025-03-07,002130.SZ,22.0,22.44,21.9,22.13,708130.37,1569367.847,5.6689,7.2602,0.76,39.8033,32.4391,5.0333,4.8717,4.0225,0.7599,0.7599,125989.8562,124914.9129,97536.1301,2788155.5177,2764367.0225
2025-03-10,002130.SZ,22.33,22.9,22.2,22.55,667571.18,1498485.547,5.3442,6.8443,0.85,40.5587,33.0547,5.1288,4.9641,4.0988,0.7458,0.7458,125989.8562,124914.9129,97536.1301,2841071.2573,2816831.2859
2025-03-11,002130.SZ,22.0,22.86,21.95,22.62,667178.94,1502346.214,5.3411,6.8403,0.95,40.6846,33.1574,5.1448,4.9795,4.1116,0.7435,0.7435,125989.8562,124914.9129,97536.1301,2849890.5472,2825575.3298
2025-03-12,002130.SZ,22.7,23.1,22.51,22.8,810977.29,1854303.375,6.4922,8.3146,1.17,41.0084,33.4212,5.1857,5.0191,4.1443,0.7376,0.7376,125989.8562,124914.9129,97536.1301,2872568.7214,2848060.0141
2025-03-13,002130.SZ,23.12,23.26,22.39,22.71,746497.46,1703095.834,5.976,7.6535,1.01,40.8465,33.2893,5.1652,4.9993,4.1279,0.7405,0.7405,125989.8562,124914.9129,97536.1301,2861229.6343,2836817.672
2025-03-14,002130.SZ,22.73,23.11,22.43,22.91,723233.78,1653929.446,5.7898,7.415,1.0,41.2062,33.5825,5.2107,5.0434,4.1643,0.734,0.734,125989.8562,124914.9129,97536.1301,2886427.6055,2861800.6545
2025-03-17,002130.SZ,23.08,23.14,22.75,22.81,528351.02,1208331.182,4.2297,5.417,0.73,41.0264,33.4359,5.188,5.0213,4.1461,0.7373,0.7373,125989.8562,124914.9129,97536.1301,2873828.6199,2849309.1632
2025-03-18,002130.SZ,22.99,23.32,22.51,23.09,844972.7,1938243.668,6.7644,8.6632,1.22,41.53,33.8463,5.2517,5.083,4.197,0.7283,0.7283,125989.8562,124914.9129,97536.1301,2909105.7797,2884285.3389
2025-03-19,002130.SZ,22.86,22.86,22.35,22.39,650197.15,1464021.941,5.2051,6.6662,0.89,40.271,32.8202,5.0924,4.9289,4.0697,0.7511,0.7511,125989.8562,124914.9129,97536.1301,2820912.8803,2796844.8998
2025-03-20,002130.SZ,22.58,22.94,22.3,22.31,469603.02,1059553.872,3.7594,4.8147,0.67,40.1271,32.7029,5.0743,4.9113,4.0552,0.7538,0.7538,125989.8562,124914.9129,97536.1301,2810833.6918,2786851.7068
2025-03-21,002130.SZ,22.09,22.11,21.38,21.4,586387.42,1270592.301,4.6943,6.012,0.91,38.4903,31.369,4.8673,4.711,3.8898,0.7858,0.7858,125989.8562,124914.9129,97536.1301,2696182.9227,2673179.1361
2025-03-24,002130.SZ,21.45,21.71,20.84,21.51,509656.62,1084588.876,4.08,5.2253,0.83,38.6882,31.5303,4.8923,4.7352,3.9098,0.7818,0.7818,125989.8562,124914.9129,97536.1301,2710041.8069,2686919.7765
2025-03-25,002130.SZ,21.6,22.39,21.42,21.92,725842.99,1595649.4,5.8107,7.4418,1.19,39.4256,32.1313,4.9855,4.8254,3.9843,0.7672,0.7672,125989.8562,124914.9129,97536.1301,2761697.6479,2738134.8908
2025-03-26,002130.SZ,21.71,21.71,21.31,21.35,486315.09,1041824.314,3.8932,4.986,0.83,38.4004,31.2957,4.8559,4.6999,3.8807,0.7877,0.7877,125989.8562,124914.9129,97536.1301,2689883.4299,2666933.3904
2025-03-27,002130.SZ,21.0,21.03,20.3,20.5,691450.52,1423353.119,5.5354,7.0892,1.24,36.8716,30.0498,4.6626,4.5128,3.7262,0.8203,0.8203,125989.8562,124914.9129,97536.1301,2582792.0521,2560755.7145
2025-03-28,002130.SZ,20.43,20.68,20.3,20.31,339635.36,694024.461,2.7189,3.4821,0.57,36.5298,29.7713,4.6194,4.471,3.6917,0.828,0.828,125989.8562,124914.9129,97536.1301,2558853.9794,2537021.881
2025-03-31,002130.SZ,20.1,20.25,19.68,20.21,513607.49,1026187.407,4.1117,5.2658,0.93,36.35,29.6247,4.5966,4.449,3.6735,0.8321,0.8321,125989.8562,124914.9129,97536.1301,2546254.9938,2524530.3897
2025-04-01,002130.SZ,20.22,20.49,20.11,20.24,333244.38,675694.394,2.6678,3.4166,0.6,36.4039,29.6687,4.6034,4.4556,3.6789,0.8309,0.8309,125989.8562,124914.9129,97536.1301,2550034.6895,2528277.8371
2025-04-02,002130.SZ,20.3,20.73,20.2,20.35,331922.17,678176.522,2.6572,3.4031,0.7,36.6018,29.8299,4.6285,4.4798,3.6989,0.8264,0.8264,125989.8562,124914.9129,97536.1301,2563893.5737,2542018.4775
2025-04-03,002130.SZ,19.86,20.34,19.75,19.81,362333.36,723908.802,2.9006,3.7149,0.82,35.6305,29.0383,4.5056,4.3609,3.6008,0.8489,0.8489,125989.8562,124914.9129,97536.1301,2495859.0513,2474564.4245
2025-04-07,002130.SZ,17.84,18.44,17.83,17.83,227739.0,408559.532,1.8232,2.3349,0.61,32.0693,26.136,4.0553,3.9251,3.2409,0.9432,0.9432,125989.8562,124914.9129,97536.1301,2246399.136,2227232.897
2025-04-08,002130.SZ,16.82,17.4,16.05,16.18,1035054.67,1697206.104,8.2861,10.612,2.93,29.1016,23.7173,3.68,3.5618,2.941,1.0394,1.0394,125989.8562,124914.9129,97536.1301,2038515.8733,2021123.2907
2025-04-09,002130.SZ,15.8,16.8,14.8,16.63,1028381.1,1647266.435,8.2327,10.5436,2.25,29.9109,24.377,3.7824,3.6609,3.0228,1.0112,1.0112,125989.8562,124914.9129,97536.1301,2095211.3086,2077335.0015
2025-04-10,002130.SZ,17.59,18.0,17.46,17.56,850375.63,1505051.258,6.8076,8.7186,1.42,31.5837,25.7402,3.9939,3.8656,3.1918,0.9577,0.9577,125989.8562,124914.9129,97536.1301,2212381.8749,2193505.8705
2025-04-11,002130.SZ,17.16,17.99,17.0,17.8,642174.47,1134370.762,5.1409,6.584,0.92,32.0153,26.092,4.0485,3.9185,3.2354,0.9448,0.9448,125989.8562,124914.9129,97536.1301,2242619.4404,2223485.4496
2025-04-14,002130.SZ,18.45,18.7,18.0,18.13,609393.5,1114340.495,4.8785,6.2479,0.81,32.6089,26.5757,4.1235,3.9911,3.2954,0.9276,0.9276,125989.8562,124914.9129,97536.1301,2284196.0929,2264707.3709
2025-04-15,002130.SZ,18.0,18.16,17.73,17.83,340594.34,609384.591,2.7266,3.492,0.41,32.0693,26.136,4.0553,3.9251,3.2409,0.9432,0.9432,125989.8562,124914.9129,97536.1301,2246399.136,2227232.897
2025-04-16,002130.SZ,17.7,17.8,17.08,17.38,362612.02,631696.053,2.9029,3.7177,0.52,31.2599,25.4763,3.953,3.826,3.1591,0.9676,0.9676,125989.8562,124914.9129,97536.1301,2189703.7008,2171021.1862
2025-04-17,002130.SZ,17.25,17.66,17.25,17.38,284742.0,498589.727,2.2795,2.9193,0.51,31.2599,25.4763,3.953,3.826,3.1591,0.9676,0.9676,125989.8562,124914.9129,97536.1301,2189703.7008,2171021.1862
2025-04-18,002130.SZ,17.5,17.71,17.39,17.62,328940.76,577739.952,2.6333,3.3725,0.73,31.6916,25.8281,4.0075,3.8788,3.2027,0.9544,0.9544,125989.8562,124914.9129,97536.1301,2219941.2662,2201000.7653
2025-04-21,002130.SZ,17.62,18.11,17.48,18.1,371745.64,665062.499,2.976,3.8114,0.96,32.5549,26.5318,4.1167,3.9845,3.29,0.9291,0.9291,125989.8562,124914.9129,97536.1301,2280416.3972,2260959.9235
2025-04-22,002130.SZ,18.01,18.14,17.82,17.88,306842.69,550575.206,2.4564,3.1459,0.91,32.1592,26.2093,4.0667,3.9361,3.25,0.9405,0.9405,125989.8562,124914.9129,97536.1301,2252698.6289,2233478.6427
2025-04-23,002130.SZ,18.25,18.61,17.99,18.38,627390.4,1149368.989,5.0225,6.4324,1.9,33.0585,26.9422,4.1804,4.0461,3.3409,0.915,0.915,125989.8562,124914.9129,97536.1301,2315693.557,2295936.0991
2025-04-24,002130.SZ,18.07,18.36,17.81,17.81,594373.56,1069216.667,4.7582,6.0939,1.55,32.0333,26.1067,4.0508,3.9207,3.2373,0.9442,0.9442,125989.8562,124914.9129,97536.1301,2243879.3389,2224734.5987
2025-04-25,002130.SZ,17.88,18.24,17.86,17.98,468037.68,846048.011,3.7469,4.7986,1.05,32.3391,26.3558,4.0894,3.9581,3.2682,0.9353,0.9353,125989.8562,124914.9129,97536.1301,2265297.6145,2245970.1339
2025-04-28,002130.SZ,18.4,18.87,18.02,18.02,603179.4,1104440.451,4.8287,6.1842,1.27,26.787,24.8493,3.9383,3.2777,3.1117,0.9332,0.9332,125989.8562,124914.9054,97536.1226,2270337.2087,2250966.5953
2025-04-29,002130.SZ,18.08,18.48,17.84,17.98,479216.84,866573.377,3.8363,4.9132,0.92,26.7276,24.7942,3.9296,3.2705,3.1048,0.9353,0.9353,125989.8562,124914.9054,97536.1226,2265297.6145,2245969.9991
2025-04-30,002130.SZ,17.92,18.44,17.92,18.33,554095.0,1014203.975,4.4358,5.6809,1.0,27.2479,25.2768,4.0061,3.3341,3.1652,0.9175,0.9175,125989.8562,124914.9054,97536.1226,2309394.0641,2289690.216
2025-05-06,002130.SZ,18.64,19.32,18.58,19.26,754636.44,1440766.237,6.0412,7.737,1.4,28.6303,26.5593,4.2093,3.5033,3.3258,0.8732,0.8732,125989.8562,124914.9054,97536.1226,2426564.6304,2405861.078
2025-05-07,002130.SZ,19.6,19.84,19.03,19.28,662689.96,1283581.496,5.3051,6.7943,1.16,28.66,26.5868,4.2137,3.5069,3.3293,0.8722,0.8722,125989.8562,124914.9054,97536.1226,2429084.4275,2408359.3761
2025-05-08,002130.SZ,19.32,21.21,19.29,21.21,1185211.94,2430501.07,9.4882,12.1515,1.94,31.529,29.2483,4.6355,3.858,3.6625,0.7929,0.7929,125989.8562,124914.9054,97536.1226,2672244.85,2649445.1435
2025-05-09,002130.SZ,20.99,20.99,20.17,20.2,1299158.06,2653534.189,10.4003,13.3198,1.79,30.0276,27.8555,4.4148,3.6743,3.4881,0.8325,0.8325,125989.8562,124914.9054,97536.1226,2544995.0952,2523281.0891
2025-05-12,002130.SZ,20.59,21.5,20.1,21.3,1618870.47,3368267.84,12.9598,16.5977,1.82,31.6628,29.3724,4.6552,3.8744,3.6781,0.7895,0.7895,125989.8562,124914.9054,97536.1226,2683583.9371,2660687.485
2025-05-13,002130.SZ,21.32,21.35,20.73,20.97,1047052.04,2198893.577,8.3821,10.735,0.95,31.1723,28.9173,4.583,3.8143,3.6211,0.802,0.802,125989.8562,124914.9054,97536.1226,2642007.2845,2619465.5662
2025-05-14,002130.SZ,21.31,21.6,21.01,21.14,1052082.52,2236087.766,8.4224,10.7866,0.9,31.425,29.1517,4.6202,3.8453,3.6504,0.7955,0.7955,125989.8562,124914.9054,97536.1226,2663425.5601,2640701.1002
2025-05-15,002130.SZ,20.8,20.84,20.0,20.03,879671.65,1782779.652,7.0422,9.0189,0.71,29.7749,27.6211,4.3776,3.6433,3.4588,0.8396,0.8396,125989.8562,124914.9054,97536.1226,2523576.8197,2502045.5552
2025-05-16,002130.SZ,19.8,20.5,19.75,20.07,518322.97,1045040.948,4.1494,5.3142,0.44,29.8344,27.6762,4.3863,3.6506,3.4657,0.8379,0.8379,125989.8562,124914.9054,97536.1226,2528616.4139,2507042.1514
2025-05-19,002130.SZ,19.95,20.28,19.56,20.04,512709.89,1017173.384,4.1045,5.2566,0.5,29.7898,27.6349,4.3798,3.6452,3.4605,0.8392,0.8392,125989.8562,124914.9054,97536.1226,2524836.7182,2503294.7042
2025-05-20,002130.SZ,19.92,20.04,19.73,19.89,372410.0,740791.501,2.9813,3.8182,0.46,29.5668,27.428,4.347,3.6179,3.4346,0.8455,0.8455,125989.8562,124914.9054,97536.1226,2505938.2398,2484557.4684
2025-05-21,002130.SZ,19.85,20.15,19.53,19.95,542554.52,1074790.405,4.3434,5.5626,0.81,29.656,27.5108,4.3601,3.6288,3.445,0.843,0.843,125989.8562,124914.9054,97536.1226,2513497.6312,2492052.3627
2025-05-22,002130.SZ,19.82,19.9,19.42,19.49,391680.0,768780.235,3.1356,4.0157,0.69,28.9722,26.8764,4.2596,3.5451,3.3655,0.8629,0.8629,125989.8562,124914.9054,97536.1226,2455542.2973,2434591.5062
2025-05-23,002130.SZ,19.4,19.8,19.1,19.13,410094.06,799041.567,3.283,4.2045,0.88,28.4371,26.38,4.1809,3.4796,3.3034,0.8791,0.8791,125989.8562,124914.9054,97536.1226,2410185.9491,2389622.1403
2025-05-26,002130.SZ,19.12,19.92,19.1,19.79,557039.39,1090111.819,4.4594,5.7111,1.25,29.4182,27.2901,4.3251,3.5997,3.4173,0.8498,0.8498,125989.8562,124914.9054,97536.1226,2493339.2542,2472065.9779
2025-05-27,002130.SZ,19.78,19.78,19.2,19.36,375406.47,727539.254,3.0053,3.8489,0.83,28.779,26.6972,4.2312,3.5215,3.3431,0.8686,0.8686,125989.8562,124914.9054,97536.1226,2439163.616,2418352.5685
2025-05-28,002130.SZ,19.42,19.88,19.42,19.62,545640.81,1075328.682,4.3681,5.5942,1.2,29.1655,27.0557,4.288,3.5688,3.388,0.8571,0.8571,125989.8562,124914.9054,97536.1226,2471920.9786,2450830.4439
2025-05-29,002130.SZ,19.91,20.45,19.87,20.24,848636.23,1714868.614,6.7937,8.7007,1.86,30.0871,27.9107,4.4235,3.6815,3.495,0.8309,,125989.8562,124914.9054,97536.1226,2550034.6895,2528277.6853
2025-05-30,002130.SZ,19.88,19.88,19.42,19.5,515744.0,1008803.896,4.1288,5.2877,0.94,28.9871,26.8902,4.2618,3.5469,3.3673,0.8624,,125989.8562,124914.9054,97536.1226,2456802.1959,2435840.6553
2025-06-03,002130.SZ,19.3,19.63,19.1,19.43,277618.11,540262.393,2.2225,2.8463,0.49,28.883,26.7937,4.2465,3.5342,3.3552,0.8655,,125989.8562,124914.9054,97536.1226,2447982.906,2427096.6119
2025-06-04,002130.SZ,19.56,20.3,19.56,20.1,799358.62,1609387.475,6.3992,8.1955,1.56,29.879,27.7176,4.3929,3.6561,3.4709,0.8367,,125989.8562,124914.9054,97536.1226,2532396.1096,2510789.5985
2025-06-05,002130.SZ,20.11,22.0,19.85,21.19,1712263.52,3590406.43,13.7074,17.5552,2.87,31.4993,29.2207,4.6311,3.8543,3.6591,0.7936,,125989.8562,124914.9054,97536.1226,2669725.0529,2646946.8454
2025-06-06,002130.SZ,20.9,21.99,20.9,21.3,1254131.77,2689876.59,10.0399,12.8581,1.51,31.6628,29.3724,4.6552,3.8744,3.6781,0.7895,,125989.8562,124914.9054,97536.1226,2683583.9371,2660687.485
2025-06-09,002130.SZ,21.7,22.62,21.7,22.08,1421505.93,3156492.124,11.3798,14.5741,1.56,32.8223,30.448,4.8256,4.0162,3.8128,0.7616,,125989.8562,124914.9054,97536.1226,2781856.0249,2758121.1112
2025-06-10,002130.SZ,22.09,22.19,21.42,21.8,945427.23,2058779.591,7.5686,9.6931,0.87,32.4061,30.0619,4.7644,3.9653,3.7644,0.7714,,125989.8562,124914.9054,97536.1226,2746578.8652,2723144.9377
2025-06-11,002130.SZ,21.8,22.0,21.38,21.45,758053.27,1640505.64,6.0686,7.772,0.62,31.8858,29.5792,4.6879,3.9016,3.704,0.784,,125989.8562,124914.9054,97536.1226,2702482.4155,2679424.7208
2025-06-12,002130.SZ,21.26,23.36,21.26,22.81,1876767.56,4219607.827,15.0244,19.2418,1.54,33.9074,31.4546,4.9852,4.149,3.9388,0.7373,,125989.8562,124914.9054,97536.1226,2873828.6199,2849308.9922
2025-06-13,002130.SZ,22.4,22.98,22.26,22.61,1329775.74,2997790.777,10.6455,13.6337,1.06,33.6101,31.1789,4.9415,4.1126,3.9043,0.7438,,125989.8562,124914.9054,97536.1226,2848630.6487,2824326.0111
2025-06-16,002130.SZ,22.63,23.84,22.62,23.53,1403660.62,3294851.714,11.2369,14.3912,1.11,34.9777,32.4475,5.1425,4.28,4.0632,0.7147,,125989.8562,124914.9054,97536.1226,2964541.3164,2939247.7241
2025-06-17,002130.SZ,23.74,23.79,22.85,23.15,901171.72,2090913.483,7.2143,9.2394,0.71,34.4129,31.9235,5.0595,4.2109,3.9975,0.7264,,125989.8562,124914.9054,97536.1226,2916665.171,2891780.06
2025-06-18,002130.SZ,23.0,23.75,22.32,23.66,1256858.67,2912108.599,10.0617,12.8861,1.0,35.171,32.6268,5.1709,4.3036,4.0856,0.7108,,125989.8562,124914.9054,97536.1226,2980919.9977,2955486.6618
2025-06-19,002130.SZ,24.0,24.46,23.51,23.81,1201397.98,2869991.706,9.6177,12.3175,0.89,35.394,32.8336,5.2037,4.3309,4.1115,0.7063,,125989.8562,124914.9054,97536.1226,2999818.4761,2974223.8976
2025-06-20,002130.SZ,23.62,23.74,22.81,22.86,804040.41,1851183.493,6.4367,8.2435,0.66,33.9818,31.5236,4.9961,4.1581,3.9475,0.7357,,125989.8562,124914.9054,97536.1226,2880128.1127,2855554.7374
2025-06-23,002130.SZ,22.51,23.2,22.3,22.59,717126.24,1624906.628,5.7409,7.3524,0.64,33.5804,31.1513,5.0878,4.109,3.9008,0.7444,0.5999,125989.8562,124914.9054,97536.1226,2846110.8516,2821827.713
2025-06-24,002130.SZ,22.79,23.0,22.3,22.42,678579.02,1528127.402,5.4323,6.9572,0.7,33.3277,30.9168,5.0495,4.0781,3.8715,0.7501,0.6045,125989.8562,124914.9054,97536.1226,2824692.576,2800592.1791
2025-06-25,002130.SZ,22.63,23.25,22.42,22.75,809200.05,1844373.485,6.478,8.2964,0.87,33.8183,31.3719,5.1238,4.1381,3.9285,0.7392,0.5957,125989.8562,124914.9054,97536.1226,2866269.2286,2841814.0979
2025-06-26,002130.SZ,23.12,23.34,22.55,23.08,1040937.04,2389179.776,8.3332,10.6723,1.24,34.3088,31.827,5.1982,4.1981,3.9854,0.7286,0.5872,125989.8562,124914.9054,97536.1226,2907845.8811,2883036.0166
2025-06-27,002130.SZ,22.91,24.0,22.6,23.74,1368073.15,3217557.964,10.952,14.0263,1.69,35.2899,32.7371,5.3468,4.3182,4.0994,0.7084,0.5709,125989.8562,124914.9054,97536.1226,2990999.1862,2965479.8542
2025-06-30,002130.SZ,24.0,24.3,23.5,23.82,1032932.47,2465951.471,8.2691,10.5903,1.12,35.4088,32.8474,5.3648,4.3327,4.1132,0.706,0.569,125989.8562,124914.9054,97536.1226,3001078.3747,2975473.0466
2025-07-01,002130.SZ,23.66,23.75,23.2,23.37,629438.64,1470883.3,5.0389,6.4534,0.64,34.7399,32.2269,5.2635,4.2509,4.0355,0.7196,0.5799,125989.8562,124914.9054,97536.1226,2944382.9394,2919261.3392
2025-07-02,002130.SZ,23.1,23.26,22.7,22.77,570307.7,1306904.348,4.5656,5.8471,0.58,33.848,31.3995,5.1283,4.1417,3.9319,0.7386,0.5952,125989.8562,124914.9054,97536.1226,2868789.0257,2844312.396
2025-07-03,002130.SZ,22.85,22.99,22.12,22.6,816878.99,1837853.045,6.5395,8.3751,0.88,33.5953,31.1651,5.09,4.1108,3.9026,0.7441,0.5997,125989.8562,124914.9054,97536.1226,2847370.7501,2823076.862
2025-07-04,002130.SZ,22.8,24.86,22.71,24.31,2665405.69,6489032.786,21.3378,27.3274,3.02,36.1372,33.5231,5.4752,4.4219,4.1978,0.6918,0.5575,125989.8562,124914.9054,97536.1226,3062813.4042,3036681.3503
2025-07-07,002130.SZ,24.04,24.8,23.5,23.62,1535337.18,3669133.088,12.2911,15.7412,1.34,35.1115,32.5716,5.3198,4.2963,4.0787,0.712,0.5738,125989.8562,124914.9054,97536.1226,2975880.4034,2950490.0655
2025-07-08,002130.SZ,23.75,25.86,23.73,25.53,1971413.75,4917936.166,15.7821,20.2121,1.59,37.9508,35.2055,5.7499,4.6438,4.4085,0.6587,0.5308,125989.8562,124914.9054,97536.1226,3216521.0288,3189077.5349
2025-07-09,002130.SZ,25.57,26.8,25.57,25.85,1556120.64,4065282.013,12.4574,15.9543,1.03,38.4265,35.6468,5.822,4.702,4.4638,0.6506,0.5243,125989.8562,124914.9054,97536.1226,3256837.7828,3229050.3046
2025-07-10,002130.SZ,26.31,26.58,25.6,25.87,1089953.8,2836260.382,8.7256,11.1749,0.64,38.4562,35.6743,5.8265,4.7056,4.4672,0.6501,0.5239,125989.8562,124914.9054,97536.1226,3259357.5799,3231548.6027
2025-07-11,002130.SZ,25.2,25.39,24.38,24.57,1379510.47,3403725.575,11.0436,14.1436,0.78,36.5237,33.8817,5.5337,4.4691,4.2427,0.6845,0.5516,125989.8562,124914.9054,97536.1226,3095570.7668,3069159.2257
2025-07-14,002130.SZ,24.56,24.94,24.44,24.46,763019.03,1880237.463,6.1083,7.8229,0.51,36.3602,33.73,5.509,4.4491,4.2237,0.6875,0.5541,125989.8562,124914.9054,97536.1226,3081711.8827,3055418.5861
2025-07-15,002130.SZ,24.69,25.36,24.41,24.7,1320159.88,3286238.813,10.5685,13.5351,0.98,36.717,34.0609,5.563,4.4928,4.2652,0.6808,0.5487,125989.8562,124914.9054,97536.1226,3111949.4481,3085398.1634
2025-07-16,002130.SZ,24.94,25.0,24.28,24.33,871716.01,2142929.573,6.9785,8.9374,0.71,36.167,33.5507,5.4797,4.4255,4.2013,0.6912,0.557,125989.8562,124914.9054,97536.1226,3065333.2013,3039179.6484
2025-07-17,002130.SZ,24.0,24.88,23.98,24.72,960864.74,2361061.853,7.6922,9.8514,0.89,36.7467,34.0885,5.5675,4.4964,4.2686,0.6803,0.5482,125989.8562,124914.9054,97536.1226,3114469.2453,3087896.4615
2025-07-18,002130.SZ,24.75,24.84,24.2,24.25,822526.25,2006833.69,6.5847,8.433,0.78,36.048,33.4404,5.4617,4.4109,4.1875,0.6935,0.5589,125989.8562,124914.9054,97536.1226,3055254.0129,3029186.456
2025-07-21,002130.SZ,24.25,24.77,23.71,24.75,1156662.7,2793787.137,9.2596,11.8588,1.22,36.7913,34.1299,5.5743,4.5019,4.2738,0.6795,0.5476,125989.8562,124914.9054,97536.1226,3118248.941,3091643.9087
2025-07-22,002130.SZ,24.5,25.35,24.4,24.62,1118468.9,2771057.005,8.9538,11.4672,1.09,36.598,33.9506,5.545,4.4782,4.2514,0.6831,0.5505,125989.8562,124914.9054,97536.1226,3101870.2596,3075404.9709
2025-07-23,002130.SZ,24.25,24.3,23.61,23.62,1052820.0,2506139.386,8.4283,10.7942,1.07,35.1115,32.5716,5.3198,4.2963,4.0787,0.712,0.5738,125989.8562,124914.9054,97536.1226,2975880.4034,2950490.0655
2025-07-24,002130.SZ,23.7,23.88,23.13,23.42,904917.02,2109715.658,7.2443,9.2778,0.89,34.8142,32.2958,5.2747,4.26,4.0442,0.7181,0.5787,125989.8562,124914.9054,97536.1226,2950682.4322,2925507.0845
2025-07-25,002130.SZ,23.49,23.5,23.15,23.2,514913.21,1196031.991,4.1221,5.2792,0.51,34.4872,31.9925,5.2252,4.22,4.0062,0.7249,0.5842,125989.8562,124914.9054,97536.1226,2922964.6638,2898025.8053
2025-07-28,002130.SZ,23.21,23.44,23.02,23.43,646253.69,1503911.485,5.1736,6.6258,0.68,34.8291,32.3096,5.277,4.2618,4.0459,0.7178,0.5784,125989.8562,124914.9054,97536.1226,2951942.3308,2926756.2335
2025-07-29,002130.SZ,23.4,23.97,23.22,23.88,836604.4,1984670.727,6.6974,8.5774,0.99,35.498,32.9302,5.3783,4.3436,4.1236,0.7042,0.5675,125989.8562,124914.9054,97536.1226,3008637.7661,2982967.941
2025-07-30,002130.SZ,23.73,23.78,23.22,23.29,637739.1,1492738.446,5.1054,6.5385,0.81,34.621,32.1166,5.2454,4.2363,4.0217,0.7221,0.5819,125989.8562,124914.9054,97536.1226,2934303.7509,2909268.1468
2025-07-31,002130.SZ,23.18,24.13,23.18,23.39,862822.64,2046246.285,6.9073,8.8462,1.22,34.7696,32.2545,5.268,4.2545,4.039,0.719,0.5794,125989.8562,124914.9054,97536.1226,2946902.7365,2921759.6373
2025-08-01,002130.SZ,23.1,23.1,22.5,22.65,763100.92,1736241.193,6.109,7.8238,1.09,33.6696,31.234,5.1013,4.1199,3.9112,0.7425,0.5983,125989.8562,124914.9054,97536.1226,2853670.2429,2829322.6073
2025-08-04,002130.SZ,22.28,22.87,22.01,22.81,502180.51,1127877.669,4.0202,5.1487,0.67,33.9074,31.4546,5.1373,4.149,3.9388,0.7373,0.5941,125989.8562,124914.9054,97536.1226,2873828.6199,2849308.9922
2025-08-05,002130.SZ,22.9,23.49,22.63,23.19,678168.54,1562275.062,5.429,6.953,0.94,34.4723,31.9787,5.2229,4.2181,4.0044,0.7252,0.5844,125989.8562,124914.9054,97536.1226,2921704.7653,2896776.6562
2025-08-06,002130.SZ,22.96,23.19,22.8,23.1,504031.55,1160319.154,4.035,5.1676,0.73,34.3385,31.8546,5.2027,4.2018,3.9889,0.728,0.5867,125989.8562,124914.9054,97536.1226,2910365.6782,2885534.3147
2025-08-07,002130.SZ,23.21,23.37,22.81,22.92,478695.46,1101700.75,3.8322,4.9079,0.72,34.071,31.6063,5.1621,4.169,3.9578,0.7337,0.5913,125989.8562,124914.9054,97536.1226,2887687.5041,2863049.6318
2025-08-08,002130.SZ,22.84,23.06,22.76,22.81,309298.03,706979.359,2.4761,3.1711,0.53,33.9074,31.4546,5.1373,4.149,3.9388,0.7373,0.5941,125989.8562,124914.9054,97536.1226,2873828.6199,2849308.9922
2025-08-11,002130.SZ,22.76,23.37,22.71,23.23,552865.63,1281959.143,4.4259,5.6683,1.12,34.5318,32.0338,5.2319,4.2254,4.0113,0.7239,0.5834,125989.8562,124914.9054,97536.1226,2926744.3595,2901773.2524
2025-08-12,002130.SZ,23.32,24.49,23.23,24.34,1604077.18,3866599.154,12.8414,16.446,3.18,36.1818,33.5645,5.4819,4.4273,4.203,0.6909,0.5568,125989.8562,124914.9054,97536.1226,3066593.0999,3040428.7974
2025-08-13,002130.SZ,24.35,24.49,23.96,24.45,1149363.46,2790822.376,9.2012,11.784,1.67,36.3453,33.7162,5.5067,4.4473,4.222,0.6878,0.5543,125989.8562,124914.9054,97536.1226,3080451.9841,3054169.437
2025-08-14,002130.SZ,24.57,24.65,23.92,24.03,844613.75,2047296.45,6.7615,8.6595,1.03,35.721,33.137,5.4121,4.3709,4.1495,0.6998,0.564,125989.8562,124914.9054,97536.1226,3027536.2445,3001705.1768
2025-08-15,002130.SZ,23.95,24.4,23.81,24.36,807723.47,1953260.33,6.4662,8.2813,0.91,36.2115,33.5921,5.4864,4.431,4.2065,0.6904,0.5563,125989.8562,124914.9054,97536.1226,3069112.897,3042927.0955
2025-08-18,002130.SZ,24.46,25.5,24.25,25.25,1400564.24,3495071.016,11.2121,14.3594,1.41,37.5345,34.8194,5.6869,4.5928,4.3602,0.666,0.5367,125989.8562,124914.9054,97536.1226,3181243.8691,3154101.3614
2025-08-19,002130.SZ,25.25,25.78,24.8,25.32,1212112.8,3063161.98,9.7035,12.4273,1.04,37.6386,34.9159,5.7027,4.6056,4.3722,0.6642,0.5352,125989.8562,124914.9054,97536.1226,3190063.159,3162845.4047
2025-08-20,002130.SZ,24.81,25.5,24.51,25.09,930754.09,2309492.646,7.4511,9.5427,0.86,37.2967,34.5987,5.6508,4.5637,4.3325,0.6703,0.5402,125989.8562,124914.9054,97536.1226,3161085.4921,3134114.9765
2025-08-21,002130.SZ,25.06,25.55,24.55,24.88,905040.68,2263790.801,7.2453,9.279,0.87,36.9845,34.3091,5.6036,4.5255,4.2963,0.6759,0.5447,125989.8562,124914.9054,97536.1226,3134627.6223,3107882.8464
2025-08-22,002130.SZ,24.75,25.11,24.69,24.84,803001.19,1994384.762,6.4284,8.1828,0.76,36.9251,34.254,5.5945,4.5183,4.2894,0.677,0.5456,125989.8562,124914.9054,98132.6226,3129588.028,3102886.2501
2025-08-25,002130.SZ,24.85,25.73,24.85,25.64,1387630.79,3520281.513,11.1086,14.1404,1.32,38.1143,35.3572,5.7747,4.6638,4.4275,0.6559,0.5286,125989.8562,124914.9054,98132.6226,3230379.913,3202818.1745
2025-08-26,002130.SZ,25.68,26.64,25.4,25.98,1513836.66,3953978.786,13.2269,15.2075,1.44,38.6197,33.1901,5.5418,4.7256,4.2092,0.6473,0.5217,125989.8562,114451.1751,99545.3174,3273216.4641,2973441.5291
2025-08-27,002130.SZ,25.85,26.49,25.2,25.21,1358432.0,3532161.688,11.8691,13.8423,1.23,37.4751,32.2064,5.3775,4.5856,4.0844,0.6671,0.5376,125989.8562,114451.1751,98136.1774,3176204.2748,2885314.1243
2025-08-28,002130.SZ,25.01,26.45,24.7,26.26,1594812.34,4088412.013,13.9344,16.251,1.34,39.0359,33.5478,5.6015,4.7766,4.2545,0.6404,0.5161,125989.8562,114451.1751,98136.1774,3308493.6238,3005487.8581
2025-08-29,002130.SZ,26.27,27.16,25.76,26.46,1280351.58,3366031.226,11.1869,13.0467,0.96,39.3332,33.8033,5.6442,4.8129,4.2869,0.6356,0.5122,125989.8562,114451.1751,98136.1774,3333691.5951,3028378.0931
2025-09-01,002130.SZ,26.23,26.43,25.52,25.98,1107343.0,2863692.141,9.6752,11.2837,0.78,38.6197,33.1901,5.5418,4.7256,4.2092,0.6473,0.5217,125989.8562,114451.1751,98136.1774,3273216.4641,2973441.5291
2025-09-02,002130.SZ,25.7,25.94,23.8,24.06,1383273.33,3399318.469,12.0861,14.0954,1.01,35.7656,30.7373,5.1322,4.3764,3.8981,0.699,0.5633,125989.8562,114451.1751,98136.1774,3031315.9402,2753695.2729
2025-09-03,002130.SZ,24.06,24.36,23.33,23.41,693996.39,1653580.062,6.0637,7.0718,0.52,34.7994,29.9069,4.9936,4.2582,3.7928,0.7184,0.5789,125989.8562,114451.1751,98136.1774,2949422.5336,2679302.0091
2025-09-04,002130.SZ,23.61,24.47,22.85,23.28,861545.0,2045752.213,7.5276,8.7791,0.71,34.6061,29.7408,4.9659,4.2345,3.7717,0.7224,0.5822,125989.8562,114451.1751,98136.1774,2933043.8523,2664423.3563
2025-09-05,002130.SZ,23.31,24.68,22.92,24.25,895719.8,2137961.583,7.8262,9.1273,0.84,36.048,30.98,5.1728,4.4109,3.9289,0.6935,0.5589,125989.8562,114451.1751,98136.1774,3055254.0129,2775440.9962
2025-09-08,002130.SZ,24.27,24.27,23.51,23.83,716857.24,1707800.05,6.2634,7.3047,0.73,35.4237,30.4435,5.0832,4.3345,3.8608,0.7057,0.5687,125989.8562,114451.1751,98136.1774,3002338.2732,2727371.5026
2025-09-09,002130.SZ,23.69,23.95,23.27,23.38,470483.96,1105803.524,4.1108,4.7942,0.52,34.7548,29.8686,4.9872,4.2527,3.7879,0.7193,0.5797,125989.8562,114451.1751,98136.1774,2945642.838,2675868.4738
2025-09-10,002130.SZ,23.71,24.09,23.55,23.69,565137.89,1342823.964,4.9378,5.7587,0.78,35.2156,30.2646,5.0533,4.3091,3.8381,0.7099,0.5721,125989.8562,114451.1751,98136.1774,2984699.6934,2711348.3381
2025-09-11,002130.SZ,23.77,26.06,23.34,26.06,2102466.2,5271524.476,18.37,21.424,3.0,38.7386,33.2923,5.5589,4.7402,4.2221,0.6453,0.52,125989.8562,114451.1751,98136.1774,3283295.6526,2982597.6231
2025-09-12,002130.SZ,26.8,27.77,26.44,27.05,2784485.74,7550755.023,24.329,28.3737,2.93,40.2103,34.5571,5.77,4.9202,4.3825,0.6217,0.501,125989.8562,114451.1751,98136.1774,3408025.6102,3095904.2865
2025-09-15,002130.SZ,26.61,27.26,26.4,26.7,1212479.45,3245229.161,10.5939,12.3551,0.91,39.69,34.11,5.6954,4.8566,4.3258,0.6298,0.5076,125989.8562,114451.1751,98136.1774,3363929.1605,3055846.3752
2025-09-16,002130.SZ,26.72,27.76,26.5,27.3,1493485.26,4058091.485,13.0491,15.2185,1.05,40.5819,34.8765,5.8234,4.9657,4.423,0.616,0.4964,125989.8562,114451.1751,98136.1774,3439523.0743,3124517.0802
2025-09-17,002130.SZ,27.3,28.88,27.06,28.09,1568891.7,4402674.314,13.708,15.9869,0.96,41.7563,35.8857,5.9919,5.1094,4.551,0.5987,0.4825,125989.8562,114451.1751,98136.1774,3539055.0607,3214933.5086
2025-09-18,002130.SZ,27.62,28.27,26.69,27.28,1679159.03,4622153.646,14.6714,17.1105,0.92,40.5522,34.8509,5.8191,4.9621,4.4198,0.6165,0.4968,125989.8562,114451.1751,98136.1774,3437003.2771,3122228.0567
2025-09-19,002130.SZ,27.41,27.76,26.71,26.72,959769.04,2606579.297,8.3858,9.78,0.55,39.7197,34.1355,5.6996,4.8602,4.3291,0.6294,0.5072,125989.8562,114451.1751,98136.1774,3366448.9577,3058135.3987
2025-09-22,002130.SZ,26.71,29.3,26.71,28.5,1602819.13,4538602.497,14.0044,16.3326,1.16,42.3657,36.4095,6.0793,5.184,4.6174,0.5901,0.4755,125989.8562,114451.1751,98136.1774,3590710.9017,3261858.4904
2025-09-23,002130.SZ,28.9,31.35,28.69,31.35,2654770.88,8042195.666,23.1957,27.0519,1.82,46.6023,40.0505,6.6873,5.7024,5.0792,0.5364,0.4323,125989.8562,114451.1751,98136.1774,3949781.9919,3588044.3394
2025-09-24,002130.SZ,30.67,31.8,30.01,31.79,2463549.37,7593106.656,21.5249,25.1034,1.46,47.2564,40.6126,6.7811,5.7824,5.1505,0.529,0.4263,125989.8562,114451.1751,98136.1774,4005217.5286,3638402.8564
2025-09-25,002130.SZ,31.5,34.97,31.33,34.19,3153828.87,10767215.499,27.5561,32.1373,1.68,50.824,43.6786,7.2931,6.219,5.5393,0.4919,0.3964,125989.8562,114451.1751,98136.1774,4307593.1835,3913085.6767
2025-09-26,002130.SZ,34.2,34.85,32.42,32.49,2040061.31,6782152.169,17.8247,20.7881,0.94,48.2969,41.5068,6.9304,5.9098,5.2639,0.5176,0.4171,125989.8562,114451.1751,98136.1774,4093410.4279,3718518.679
2025-09-29,002130.SZ,33.0,33.2,30.62,30.96,2167632.93,6791484.499,18.9394,22.088,0.91,46.0226,39.5522,6.6041,5.6315,5.016,0.5432,0.4377,125989.8562,114451.1751,98136.1774,3900645.948,3543408.3811
2025-09-30,002130.SZ,31.45,31.55,30.4,30.51,1225769.71,3778328.947,10.71,12.4905,0.49,45.3536,38.9773,6.5081,5.5496,4.9431,0.5512,0.4442,125989.8562,114451.1751,98136.1774,3843950.5127,3491905.3523
2025-10-09,002130.SZ,30.97,31.18,30.44,30.52,1285739.12,3950777.628,11.234,13.1016,0.58,45.3685,38.9901,6.5102,5.5514,4.9447,0.551,0.4441,125989.8562,114451.1751,98136.1774,3845210.4112,3493049.8641
2025-10-10,002130.SZ,30.95,31.22,29.86,30.01,1303819.36,3977758.155,11.3919,13.2858,0.66,44.6104,38.3386,6.4014,5.4587,4.8621,0.5604,0.4516,125989.8562,114451.1751,98136.1774,3780955.5846,3434679.7648
2025-10-13,002130.SZ,28.5,29.5,28.48,29.23,1057463.84,3072600.256,9.2394,10.7755,0.66,43.4509,37.3421,6.2351,5.3168,4.7357,0.5753,0.4637,125989.8562,114451.1751,98136.1774,3682683.4967,3345407.8482
2025-10-14,002130.SZ,29.4,29.73,27.6,27.81,1077538.45,3089311.808,9.4148,10.98,0.77,41.34,35.528,5.9322,5.0585,4.5057,0.6047,0.4873,125989.8562,114451.1751,98136.1774,3503777.9009,3182887.1795
2025-10-15,002130.SZ,27.71,28.59,27.51,28.59,731498.11,2057784.789,6.3914,7.4539,0.61,42.4995,36.5245,6.0985,5.2004,4.632,0.5882,0.474,125989.8562,114451.1751,98136.1774,3602049.9888,3272159.0961
2025-10-16,002130.SZ,28.8,29.44,28.6,28.84,932934.84,2705749.479,8.1514,9.5065,0.85,42.8711,36.8439,6.1519,5.2458,4.6725,0.5831,0.4699,125989.8562,114451.1751,98136.1774,3633547.4528,3300771.8899
2025-10-17,002130.SZ,28.61,28.65,27.31,27.4,753733.86,2100743.803,6.5856,7.6805,0.74,40.7306,35.0042,5.8447,4.9839,4.4392,0.6138,0.4946,125989.8562,114451.1751,98136.1774,3452122.0599,3135962.1977
2025-10-20,002130.SZ,27.99,28.58,27.7,28.04,735002.88,2071958.107,6.422,7.4896,0.81,41.6819,35.8218,5.9812,5.1003,4.5429,0.5997,0.4833,125989.8562,114451.1751,98136.1774,3532755.5678,3209210.9498
2025-10-21,002130.SZ,28.3,28.8,28.04,28.65,792907.72,2258641.981,6.9279,8.0797,0.94,42.5887,36.6011,6.1113,5.2113,4.6417,0.587,0.473,125989.8562,114451.1751,98136.1774,3609609.3801,3279026.1666
2025-10-22,002130.SZ,28.3,28.72,28.07,28.39,505817.25,1435280.064,4.4195,5.1542,0.64,42.2022,36.269,6.0559,5.164,4.5996,0.5924,0.4774,125989.8562,114451.1751,98136.1774,3576852.0175,3249268.8611
2025-10-23,002130.SZ,28.66,28.79,27.64,28.25,472370.67,1323742.014,4.1273,4.8134,0.63,41.9941,36.0901,6.026,5.1385,4.5769,0.5953,0.4797,125989.8562,114451.1751,98136.1774,3559213.4377,3233245.6966
2025-10-24,002130.SZ,28.49,29.68,28.34,29.59,1015426.24,2957671.747,8.8721,10.3471,1.56,43.986,37.802,6.3118,5.3823,4.794,0.5683,0.458,125989.8562,114451.1751,98136.1774,3728039.845,3386610.2712
2025-10-27,002130.SZ,29.87,29.99,29.37,29.76,876026.94,2599786.973,7.6542,8.9266,1.24,44.2387,38.0192,6.3481,5.4132,4.8216,0.5651,0.4554,125989.8562,114451.1751,98136.1774,3749458.1205,3406066.971
2025-10-28,002130.SZ,29.56,30.51,29.35,30.0,851779.74,2555488.762,7.4423,8.6796,1.16,44.5955,38.3258,6.3993,5.4568,4.8605,0.5606,0.4517,125989.8562,114451.1751,98136.1774,3779695.686,3433535.253
2025-10-29,002130.SZ,29.88,30.38,29.43,30.37,861577.22,2580713.366,7.5279,8.7794,1.16,45.1455,38.7985,6.4782,5.5241,4.9204,0.5537,0.4462,125989.8562,114451.1751,98136.1774,3826311.9328,3475882.1878
2025-10-30,002130.SZ,29.67,29.7,28.25,28.26,1336791.35,3859075.489,11.68,13.5011,1.64,42.009,35.103,5.7673,5.1403,4.3483,0.5951,0.4796,125989.8562,114451.1751,99013.4145,3560473.3362,3234390.2083
2025-10-31,002130.SZ,28.08,28.32,27.53,27.69,745230.92,2076344.205,6.5113,7.5266,0.75,41.1617,34.3949,5.651,5.0367,4.2606,0.6073,0.4894,125989.8562,114451.1751,99013.4145,3488659.1182,3169153.0385
2025-11-03,002130.SZ,27.71,27.8,26.94,27.69,561560.66,1532485.528,4.9066,5.6716,0.6,41.1617,34.3949,5.651,5.0367,4.2606,0.6073,0.4894,125989.8562,114451.1751,99013.4145,3488659.1182,3169153.0385
2025-11-04,002130.SZ,27.71,27.71,27.02,27.18,391646.65,1066999.374,3.422,3.9555,0.45,40.4035,33.7614,5.5469,4.9439,4.1821,0.6187,0.4986,125989.8562,114451.1751,99013.4145,3424404.2915,3110782.9392
2025-11-05,002130.SZ,26.5,27.0,26.39,26.82,436012.56,1164463.128,3.8096,4.4036,0.56,39.8684,33.3143,5.4735,4.8784,4.1267,0.627,0.5053,125989.8562,114451.1751,99013.4145,3379047.9433,3069580.5162
2025-11-06,002130.SZ,26.82,27.6,26.82,27.5,521244.89,1427661.184,4.5543,5.2644,0.75,40.8792,34.1589,5.6122,5.0021,4.2314,0.6115,0.4928,125989.8562,114451.1751,99013.4145,3464721.0455,3147407.3153
2025-11-07,002130.SZ,27.19,27.57,26.92,27.17,352634.99,960103.135,3.0811,3.5615,0.66,40.3887,33.749,5.5449,4.9421,4.1806,0.619,0.4988,125989.8562,114451.1751,99013.4145,3423144.393,3109638.4275
2025-11-10,002130.SZ,27.1,27.51,26.72,26.92,375287.59,1012740.372,3.279,3.7903,0.83,40.017,33.4385,5.4939,4.8966,4.1421,0.6247,0.5034,125989.8562,114451.1751,99013.4145,3391646.9289,3081025.6337
2025-11-11,002130.SZ,27.22,27.47,26.9,26.9,361014.99,979705.955,3.1543,3.6461,0.87,39.9873,33.4136,5.4898,4.893,4.139,0.6252,0.5038,125989.8562,114451.1751,99013.4145,3389127.1318,3078736.6102
2025-11-12,002130.SZ,26.63,26.67,25.61,25.67,603880.74,1565718.531,5.2763,6.099,1.48,38.1589,31.8858,5.2388,4.6692,3.9498,0.6551,0.528,125989.8562,114451.1751,99013.4145,3234159.6087,2937961.6648
2025-11-13,002130.SZ,25.67,26.15,25.52,25.96,401241.75,1037092.11,3.5058,4.0524,0.91,38.59,32.246,5.2979,4.722,3.9944,0.6478,0.5221,125989.8562,114451.1751,99013.4145,3270696.667,2971152.5056
2025-11-14,002130.SZ,25.62,26.15,25.41,25.7,368046.28,949602.921,3.2157,3.7171,0.88,38.2035,31.9231,5.2449,4.6747,3.9544,0.6544,0.5273,125989.8562,114451.1751,99013.4145,3237939.3043,2941395.2001
2025-11-17,002130.SZ,25.62,25.81,25.54,25.72,265620.97,681515.698,2.3208,2.6827,0.63,38.2332,31.9479,5.249,4.6783,3.9575,0.6538,0.5269,125989.8562,114451.1751,99013.4145,3240459.1015,2943684.2236
2025-11-18,002130.SZ,25.55,25.83,25.23,25.31,298314.03,760290.721,2.6065,3.0129,0.75,37.6237,31.4386,5.1653,4.6038,3.8944,0.6644,0.5355,125989.8562,114451.1751,99013.4145,3188803.2604,2896759.2418
2025-11-19,002130.SZ,25.31,25.69,24.99,25.23,289753.61,732549.001,2.5317,2.9264,0.75,37.5048,31.3393,5.149,4.5892,3.8821,0.6665,0.5372,125989.8562,114451.1751,99013.4145,3178724.0719,2887603.1478
2025-11-20,002130.SZ,25.8,25.89,25.08,25.09,261851.46,664479.587,2.2879,2.6446,0.81,37.2967,31.1654,5.1204,4.5637,3.8605,0.6703,0.5402,125989.8562,114451.1751,99013.4145,3161085.4921,2871579.9833
2025-11-21,002130.SZ,24.44,24.75,24.0,24.0,404869.53,984496.949,3.5375,4.089,1.36,35.6764,29.8114,4.8979,4.3655,3.6928,0.7007,0.5647,125989.8562,114451.1751,99013.4145,3023756.5488,2746828.2024
2025-11-24,002130.SZ,24.1,24.58,23.91,24.45,334619.7,809754.94,2.9237,3.3795,1.1,36.3453,30.3704,4.9898,4.4473,3.7621,0.6878,0.5543,125989.8562,114451.1751,99013.4145,3080451.9841,2798331.2312
2025-11-25,002130.SZ,24.6,25.21,24.57,24.8,385752.1,961434.347,3.3705,3.896,1.21,36.8656,30.8051,5.0612,4.511,3.8159,0.6781,0.5465,125989.8562,114451.1751,99013.4145,3124548.4338,2838389.1425
2025-11-26,002130.SZ,24.79,25.12,24.6,24.78,331016.35,823752.473,2.8922,3.3431,0.99,36.8359,30.7803,5.0571,4.5073,3.8128,0.6787,0.5469,125989.8562,114451.1751,99013.4145,3122028.6366,2836100.119
2025-11-27,002130.SZ,24.7,25.39,24.6,24.78,405386.03,1016736.776,3.542,4.0943,1.18,36.8359,30.7803,5.0571,4.5073,3.8128,0.6787,0.5469,125989.8562,114451.1751,99013.4145,3122028.6366,2836100.119
2025-11-28,002130.SZ,24.72,25.14,24.67,25.08,288412.54,719418.226,2.52,2.9129,0.77,37.2818,31.1529,5.1184,4.5619,3.859,0.6705,0.5404,125989.8562,114451.1751,99013.4145,3159825.5935,2870435.4715
2025-12-01,002130.SZ,25.3,25.66,25.2,25.46,406025.08,1032994.935,3.5476,4.1007,1.16,37.8467,31.625,5.1959,4.631,3.9175,0.6605,0.5323,125989.8562,114451.1751,99013.4145,3207701.7389,2913926.918
2025-12-02,002130.SZ,25.56,26.1,25.2,25.82,571796.73,1464765.138,4.996,5.7749,1.57,38.3819,32.0721,5.2694,4.6965,3.9729,0.6513,0.5249,125989.8562,114451.1751,99013.4145,3253058.0871,2955129.3411
2025-12-03,002130.SZ,25.64,26.88,25.6,26.61,963078.17,2550891.127,8.4148,9.7267,2.4,39.5562,33.0534,5.4306,4.8402,4.0944,0.632,0.5093,125989.8562,114451.1751,99013.4145,3352590.0735,3045545.7694
2025-12-04,002130.SZ,26.0,26.26,25.77,26.03,517907.72,1346798.116,4.5251,5.2307,0.98,38.694,32.333,5.3122,4.7347,4.0052,0.6461,0.5206,125989.8562,114451.1751,99013.4145,3279515.9569,2979164.0879
2025-12-05,002130.SZ,25.91,26.37,25.34,26.22,479142.72,1241748.014,4.1864,4.8392,0.87,38.9765,32.569,5.351,4.7693,4.0344,0.6414,0.5169,125989.8562,114451.1751,99013.4145,3303454.0296,3000909.8111
2025-12-08,002130.SZ,26.22,26.85,26.13,26.55,571959.92,1519191.282,4.9974,5.7766,0.97,39.467,32.9789,5.4184,4.8293,4.0852,0.6334,0.5105,125989.8562,114451.1751,99013.4145,3345030.6821,3038678.6989
2025-12-09,002130.SZ,26.5,27.19,26.37,26.55,593456.2,1592557.371,5.1852,5.9937,0.96,39.467,32.9789,5.4184,4.8293,4.0852,0.6334,0.5105,125989.8562,114451.1751,99013.4145,3345030.6821,3038678.6989
2025-12-10,002130.SZ,26.27,26.95,26.02,26.9,544089.16,1443429.899,4.7539,5.4951,0.87,39.9873,33.4136,5.4898,4.893,4.139,0.6252,0.5038,125989.8562,114451.1751,99013.4145,3389127.1318,3078736.6102
2025-12-11,002130.SZ,26.95,27.18,26.55,26.9,615668.74,1656131.198,5.3793,6.218,1.14,39.9873,33.4136,5.4898,4.893,4.139,0.6252,0.5038,125989.8562,114451.1751,99013.4145,3389127.1318,3078736.6102
2025-12-12,002130.SZ,26.79,28.5,26.71,28.04,1136888.52,3141142.039,9.9334,11.4822,2.03,41.6819,34.8297,5.7224,5.1003,4.3144,0.5997,0.4833,125989.8562,114451.1751,99013.4145,3532755.5678,3209210.9498
2025-12-15,002130.SZ,27.55,27.93,26.73,26.78,777572.99,2128021.023,6.7939,7.8532,1.12,39.8089,33.2646,5.4653,4.8711,4.1206,0.628,0.5061,125989.8562,114451.1751,99013.4145,3374008.349,3065002.4692
2025-12-16,002130.SZ,26.5,26.78,25.7,25.86,550511.07,1432146.463,4.81,5.56,0.75,38.4413,32.1218,5.2775,4.7038,3.979,0.6503,0.5241,125989.8562,114451.1751,99013.4145,3258097.6813,2959707.3881
2025-12-17,002130.SZ,25.87,26.59,25.7,26.57,511331.13,1340478.08,4.4677,5.1643,0.71,39.4968,33.0037,5.4224,4.8329,4.0883,0.6329,0.5101,125989.8562,114451.1751,99013.4145,3347550.4792,3040967.7224
2025-12-18,002130.SZ,26.15,26.48,25.68,25.68,432470.52,1125938.16,3.7786,4.3678,0.6,38.1738,31.8982,5.2408,4.6711,3.9513,0.6549,0.5277,125989.8562,114451.1751,99013.4145,3235419.5072,2939106.1766
2025-12-19,002130.SZ,25.95,26.87,25.95,26.04,410107.62,1077474.353,3.5833,4.1419,0.6,38.7089,32.3454,5.3143,4.7365,4.0067,0.6458,0.5204,125989.8562,114451.1751,99013.4145,3280775.8554,2980308.5996
2025-12-22,002130.SZ,26.16,26.64,26.0,26.55,456851.37,1209063.295,3.9917,4.614,0.85,39.467,32.9789,5.4184,4.8293,4.0852,0.6334,0.5105,125989.8562,114451.1751,99013.4145,3345030.6821,3038678.6989
2025-12-23,002130.SZ,26.49,26.82,26.31,26.61,421261.17,1120692.487,3.6807,4.2546,0.89,39.5562,33.0534,5.4306,4.8402,4.0944,0.632,0.5093,125989.8562,114451.1751,99013.4145,3352590.0735,3045545.7694
2025-12-24,002130.SZ,26.56,27.09,26.37,27.0,458428.62,1233438.166,4.0055,4.63,1.03,40.136,33.5379,5.5102,4.9112,4.1544,0.6229,0.5019,125989.8562,114451.1751,99013.4145,3401726.1174,3090181.7277
2025-12-25,002130.SZ,26.84,27.19,26.7,26.91,398768.75,1074054.116,3.4842,4.0274,0.91,40.0022,33.4261,5.4918,4.8948,4.1406,0.6249,0.5036,125989.8562,114451.1751,99013.4145,3390387.0303,3079881.1219
2025-12-26,002130.SZ,26.77,27.17,26.43,26.96,560761.59,1502615.994,4.8996,5.6635,1.31,40.0765,33.4882,5.502,4.9039,4.1483,0.6238,0.5027,125989.8562,114451.1751,99013.4145,3396686.5232,3085603.6807
2025-12-29,002130.SZ,26.76,26.91,26.16,26.28,484441.69,1281777.286,4.2327,4.8927,1.05,39.0657,32.6435,5.3633,4.7802,4.0436,0.6399,0.5157,125989.8562,114451.1751,99013.4145,3311013.4209,3007776.8816
2025-12-30,002130.SZ,26.07,27.15,26.05,26.76,540785.11,1448844.27,4.725,5.4617,1.16,39.7792,33.2397,5.4612,4.8675,4.1175,0.6284,0.5064,125989.8562,114451.1751,99013.4145,3371488.5519,3062713.4457
2025-12-31,002130.SZ,26.7,26.78,26.26,26.32,350924.19,928035.701,3.0661,3.5442,0.72,39.1251,32.6932,5.3714,4.7875,4.0498,0.6389,0.5149,125989.8562,114451.1751,99013.4145,3316053.0152,3012354.9286
